"Sample_Name","Material","SpC","pH","Temp","Respiration_Rate_mg_DO_per_L_per_H","Respiration_Rate_mg_DO_per_kg_per_H","Respiration_R_Squared","Respiration_R_Squared_Adj","Respiration_p_value","Total_Incubation_Time_Min","Number_Points_In_Respiration_Regression","Number_Points_Removed_Respiration_Regression","DO_Concentration_At_Incubation_Time_Zero","Methods_Deviation","flag"
"EC_005_INC-D1","Sediment",115.4,6.96,21,0,0,"0.731","0.726","3e-04","102","52","2","9.5317","N/A","N/A"
"EC_005_INC-D2","Sediment",113.1,6.89,20,0,0,"0","0.02","4e-04","102","52","2","10.0281","N/A","N/A"
"EC_005_INC-D3","Sediment",114,6.77,20.9,0,0,"0","0.02","4e-04","102","52","2","9.7453","N/A","N/A"
"EC_005_INC-D4","Sediment",116.4,6.67,21,-0.066,-0.214,"0.106","0.088","4e-04","104","53","1","9.9758","N/A","Remove Outlier"
"EC_005_INC-D5","Sediment",115.5,6.68,20.4,-0.089,-0.288,"0.301","0.287","3e-04","102","52","2","10.31","N/A","Remove Outlier"
"EC_005_INC-W1","Sediment",129,7.16,20.1,-0.076,-0.245,"0.069","0.051","7e-04","102","52","2","9.3806","N/A","N/A"
"EC_005_INC-W2","Sediment",115.4,6.92,20.7,-0.346,-1.117,"0.76","0.756","5e-04","104","53","1","8.4982","N/A","N/A"
"EC_005_INC-W3","Sediment",111.7,6.9,20.8,-0.376,-1.21,"0.747","0.742","5e-04","102","52","2","9.2216","N/A","N/A"
"EC_005_INC-W4","Sediment",113.5,6.86,21,-0.36,-1.16,"0.541","0.531","8e-04","102","52","2","9.1583","N/A","N/A"
"EC_005_INC-W5","Sediment",116.1,6.72,21.1,-0.243,-0.786,"0.611","0.603","5e-04","104","53","1","8.9933","N/A","N/A"
"EC_009_INC-D1","Sediment",64.64,5.7,20.1,-0.602,-2.097,"0.9","0.898","5e-04","106","54","1","10.1988","N/A","N/A"
"EC_009_INC-D2","Sediment",65.08,5.67,20.2,-9.89,-34.434,"0.507","0.261","0.1149","6","4","51","12.6008","N/A","Remove Outlier"
"EC_009_INC-D3","Sediment",69.74,5.76,19.8,-0.239,-0.835,"0.521","0.511","5e-04","104","53","2","9.4167","N/A","N/A"
"EC_009_INC-D4","Sediment",68.47,5.78,19.8,-0.483,-1.693,"0.834","0.83","5e-04","106","54","1","9.842","N/A","N/A"
"EC_009_INC-D5","Sediment",63.19,6.36,19.9,-2.473,-8.67,"0.939","0.935","0.0028","30","16","39","8.6912","N/A","Remove Outlier"
"EC_009_INC-W1","Sediment",75.2,6.9,19.8,-3.002,-10.539,"0.856","0.841","0.0065","22","12","43","9.8797","N/A","N/A"
"EC_009_INC-W2","Sediment",63.64,6.03,19.8,-3.905,-13.657,"0.994","0.993","0.001","56","29","26","8.1459","N/A","N/A"
"EC_009_INC-W3","Sediment",62.81,5.75,20.2,-4.162,-14.591,"0.983","0.982","0.002","42","22","33","9.0146","N/A","N/A"
"EC_009_INC-W4","Sediment",63.2,5.71,20,-2.971,-10.367,"0.981","0.98","0.0013","54","28","27","8.5004","N/A","N/A"
"EC_009_INC-W5","Sediment",63.33,5.68,20.1,-2.608,-9.094,"0.958","0.957","0.0013","106","54","1","8.4509","N/A","N/A"
"EC_011_INC-D1","Sediment",258.7,6.71,21.5,-119.42,-475.308,"1","-9999","-9999","2","2","52","-9999","RATE_005","N/A"
"EC_011_INC-D2","Sediment",260.7,6.7,21.5,-214.02,-854.768,"1","-9999","-9999","2","2","52","-9999","RATE_005","N/A"
"EC_011_INC-D3","Sediment",270.2,6.65,21.5,-219.742,-874.603,"1","-9999","-9999","2","2","52","-9999","RATE_005","N/A"
"EC_011_INC-D4","Sediment",264.9,6.75,21.5,-217.954,-867.487,"1","-9999","-9999","2","2","52","-9999","RATE_005","N/A"
"EC_011_INC-D5","Sediment",260.4,6.73,21.7,-191.632,-764.767,"1","-9999","-9999","2","2","52","-9999","RATE_005","N/A"
"EC_011_INC-W1","Sediment",350.3,7.41,20.9,-9999,-9999,"-9999","-9999","-9999","-9999","-9999","-9999","-9999","INC_008","Remove Outlier"
"EC_011_INC-W2","Sediment",330.2,6.93,21.1,-9999,-9999,"-9999","-9999","-9999","-9999","-9999","-9999","-9999","INC_008","Remove Outlier"
"EC_011_INC-W3","Sediment",310.8,6.87,21.2,-9999,-9999,"-9999","-9999","-9999","-9999","-9999","-9999","-9999","INC_008","Remove Outlier"
"EC_011_INC-W4","Sediment",261.2,6.79,21,-9999,-9999,"-9999","-9999","-9999","-9999","-9999","-9999","-9999","INC_008","Remove Outlier"
"EC_011_INC-W5","Sediment",341.7,6.66,21.7,-9999,-9999,"-9999","-9999","-9999","-9999","-9999","-9999","-9999","INC_008","Remove Outlier"
"EC_012_INC-D1","Sediment",289.6,6.71,21.7,-115.406,-538.425,"1","-9999","-9999","2","2","52","-9999","RATE_005","N/A"
"EC_012_INC-D2","Sediment",267.9,6.88,21.7,-140.551,-660.79,"1","-9999","-9999","2","2","52","-9999","RATE_005","N/A"
"EC_012_INC-D3","Sediment",280.2,6.74,21.6,-122,-568.578,"1","-9999","-9999","2","2","52","-9999","RATE_005","N/A"
"EC_012_INC-D4","Sediment",283.6,6.79,21,-156.149,-729.156,"1","-9999","-9999","2","2","52","-9999","RATE_005","N/A"
"EC_012_INC-D5","Sediment",261.3,6.88,21.1,-0.615,-6.262,"0.951","0.95","3e-04","104","53","1","10.4276","INC_Method_002","Remove Outlier"
"EC_012_INC-W1","Sediment",369.7,6.61,21.3,-9999,-9999,"-9999","-9999","-9999","-9999","-9999","-9999","-9999","INC_008","Remove Outlier"
"EC_012_INC-W2","Sediment",356.1,6.69,21.1,-9999,-9999,"-9999","-9999","-9999","-9999","-9999","-9999","-9999","INC_008","Remove Outlier"
"EC_012_INC-W3","Sediment",356.2,6.75,21.1,-9999,-9999,"-9999","-9999","-9999","-9999","-9999","-9999","-9999","INC_008","Remove Outlier"
"EC_012_INC-W4","Sediment",360.09,6.77,21.1,-9999,-9999,"-9999","-9999","-9999","-9999","-9999","-9999","-9999","INC_008","Remove Outlier"
"EC_012_INC-W5","Sediment",364.39,6.76,21.4,-9999,-9999,"-9999","-9999","-9999","-9999","-9999","-9999","-9999","INC_008","Remove Outlier"
"EC_013_INC-D1","Sediment",426.8,7.33,21.9,-3.792,-20.345,"0.95","0.947","0.0037","32","17","35","8.0546","N/A","N/A"
"EC_013_INC-D2","Sediment",427.7,7.2,22,-1.985,-10.627,"0.975","0.974","8e-04","98","50","2","8.2714","N/A","N/A"
"EC_013_INC-D3","Sediment",437.4,7.16,21.7,-1.612,-8.649,"0.986","0.985","5e-04","98","50","2","8.4559","N/A","N/A"
"EC_013_INC-D4","Sediment",436.1,7.29,21.6,-9999,-9999,"-9999","-9999","-9999","-9999","-9999","-9999","-9999","INC_QA_004","Remove Outlier"
"EC_013_INC-D5","Sediment",433.7,7.3,21.4,-5.181,-27.77,"0.967","0.964","0.0044","28","15","37","8.3332","N/A","Remove Outlier"
"EC_013_INC-W1","Sediment",438.9,7.32,21.4,-16.143,-86.612,"0.983","0.975","0.025","6","4","48","6.0255","N/A","N/A"
"EC_013_INC-W2","Sediment",446.2,6.99,21.5,-18.505,-98.848,"0.967","0.951","0.0402","6","4","48","6.8139","N/A","N/A"
"EC_013_INC-W3","Sediment",439.6,7.64,21.2,-8.232,-44.025,"0.987","0.985","0.0063","14","8","44","5.8303","N/A","N/A"
"EC_013_INC-W4","Sediment",435.8,7.09,21.3,-13.174,-70.527,"0.94","0.91","0.0393","6","4","48","6.5872","N/A","N/A"
"EC_013_INC-W5","Sediment",444.6,6.99,21.5,-9999,-9999,"-9999","-9999","-9999","-9999","-9999","-9999","-9999","INC_QA_004","Remove Outlier"
"EC_014_INC-D1","Sediment",129.2,6.84,21,-0.285,-1.189,"0.786","0.782","4e-04","102","52","2","9.8298","N/A","N/A"
"EC_014_INC-D2","Sediment",125.3,7,21.1,-0.432,-1.805,"0.83","0.826","5e-04","102","52","2","9.5778","N/A","N/A"
"EC_014_INC-D3","Sediment",133.2,6.71,20.9,-0.272,-1.137,"0.82","0.817","3e-04","104","53","1","9.4987","N/A","N/A"
"EC_014_INC-D4","Sediment",127.8,6.5,21.1,-0.335,-1.401,"0.967","0.966","1e-04","102","52","2","9.1974","N/A","N/A"
"EC_014_INC-D5","Sediment",126.1,6.49,21.1,-0.305,-1.278,"0.858","0.855","3e-04","102","52","2","9.2813","N/A","N/A"
"EC_014_INC-W1","Sediment",103.1,6.26,21.2,-0.358,-1.497,"0.941","0.94","2e-04","100","51","1","-9999","N/A","N/A"
"EC_014_INC-W2","Sediment",105.1,6.7,20.09,-0.446,-1.872,"0.953","0.952","2e-04","102","52","2","7.1503","N/A","N/A"
"EC_014_INC-W3","Sediment",104.6,7.07,21.1,-136.324,-570.541,"1","-9999","-9999","2","2","52","-9999","RATE_005","N/A"
"EC_014_INC-W4","Sediment",103,6.89,21,-137.274,-571.993,"1","-9999","-9999","2","2","52","-9999","RATE_005","Remove Outlier"
"EC_014_INC-W5","Sediment",102.7,6.88,21,-9999,-9999,"-9999","-9999","-9999","-9999","-9999","-9999","-9999","INC_QA_004","Remove Outlier"
"EC_017_INC-D1","Sediment",280.7,6.41,20.7,-0.429,-1.362,"0.893","0.891","4e-04","100","51","2","11.2951","N/A","N/A"
"EC_017_INC-D2","Sediment",280.8,5.87,20.8,0,0,"0.481","0.471","4e-04","100","51","2","9.9764","N/A","Remove Outlier"
"EC_017_INC-D3","Sediment",276.3,6.19,20.8,-0.337,-1.062,"0.86","0.857","3e-04","102","52","1","9.5507","N/A","N/A"
"EC_017_INC-D4","Sediment",279.6,6.29,20.8,-0.108,-0.343,"0.472","0.462","3e-04","100","51","2","8.3685","N/A","N/A"
"EC_017_INC-D5","Sediment",279.6,6.11,20.6,-5.228,-16.408,"0.956","0.947","0.0084","12","7","46","10.4453","N/A","Remove Outlier"
"EC_017_INC-W1","Sediment",291.9,8.66,20.8,-1.347,-4.272,"0.917","0.912","0.0016","38","20","33","8.8019","N/A","N/A"
"EC_017_INC-W2","Sediment",280.5,6.93,20.8,-0.801,-2.534,"0.93","0.929","5e-04","100","51","2","9.3211","N/A","N/A"
"EC_017_INC-W3","Sediment",280.7,6.6,20.6,-0.756,-2.378,"0.929","0.927","5e-04","100","51","2","10.0195","N/A","N/A"
"EC_017_INC-W4","Sediment",279.6,6.46,20.7,-0.569,-1.805,"0.886","0.884","5e-04","102","52","1","8.388","N/A","N/A"
"EC_017_INC-W5","Sediment",279.2,6.41,20.7,-0.693,-2.195,"0.905","0.903","5e-04","102","52","1","8.5673","N/A","N/A"
"EC_018_INC-D1","Sediment",538.3,6.64,21,-0.099,-0.382,"0.166","0.149","5e-04","102","52","2","9.6939","N/A","Remove Outlier"
"EC_018_INC-D2","Sediment",534.1,6.59,20.09,0,0,"0.509","0.5","3e-04","102","52","2","9.8761","N/A","N/A"
"EC_018_INC-D3","Sediment",535.7,6.64,21.2,0,0,"0.467","0.457","3e-04","104","53","1","9.6339","N/A","N/A"
"EC_018_INC-D4","Sediment",541.9,6.79,21.1,0,0,"0.542","0.533","5e-04","104","53","1","9.9503","N/A","N/A"
"EC_018_INC-D5","Sediment",571.6,6.45,21,0,0,"0.354","0.341","6e-04","102","52","2","10.4104","N/A","N/A"
"EC_018_INC-W1","Sediment",525.8,6.2,21.6,-0.271,-1.048,"0.538","0.528","6e-04","102","52","2","7.8179","N/A","N/A"
"EC_018_INC-W2","Sediment",536.8,6.2,21.1,-0.463,-1.793,"0.938","0.937","3e-04","104","53","1","8.3529","N/A","N/A"
"EC_018_INC-W3","Sediment",533.1,6.51,20.4,-132.996,-514.065,"1","-9999","-9999","2","2","52","7.6719","N/A","Remove Outlier"
"EC_018_INC-W4","Sediment",527.5,6.4,20.9,-0.466,-1.797,"0.883","0.881","4e-04","102","52","2","7.9479","N/A","N/A"
"EC_018_INC-W5","Sediment",527.2,6.69,21.02,-0.201,-0.776,"0.802","0.798","2e-04","102","52","2","7.5776","N/A","N/A"
"EC_021_INC-D1","Sediment",1186,7.37,20.8,0,0,"0.096","0.078","0.0011","100","51","2","9.8957","N/A","N/A"
"EC_021_INC-D2","Sediment",1183,7.49,20.7,0,0,"0.748","0.743","4e-04","100","51","2","7.763","N/A","N/A"
"EC_021_INC-D3","Sediment",1185,7.42,20.8,0,0,"0.685","0.679","9e-04","100","51","2","8.3176","N/A","N/A"
"EC_021_INC-D4","Sediment",1161,7.51,21,-0.331,-1.072,"0.79","0.786","4e-04","100","51","2","8.3262","N/A","Remove Outlier"
"EC_021_INC-D5","Sediment",1185,7.46,21,-0.519,-1.651,"0.938","0.937","3e-04","100","51","2","9.5731","N/A","Remove Outlier"
"EC_021_INC-W1","Sediment",1190,8,20.6,-0.168,-0.532,"0.237","0.221","7e-04","100","51","2","7.4569","N/A","N/A"
"EC_021_INC-W2","Sediment",1157,7.62,20.9,-0.15,-0.476,"0.254","0.239","6e-04","100","51","2","8.0892","N/A","N/A"
"EC_021_INC-W3","Sediment",1157,7.46,20.9,-1.143,-3.64,"0.887","0.881","0.0016","38","20","33","8.4665","N/A","Remove Outlier"
"EC_021_INC-W4","Sediment",1163,7.58,20.7,-0.12,-0.381,"0.222","0.207","5e-04","102","52","1","7.7266","N/A","N/A"
"EC_021_INC-W5","Sediment",1143,7.4,20.1,-0.662,-2.103,"0.856","0.853","6e-04","102","52","1","6.8168","N/A","Remove Outlier"
"EC_022_INC-D1","Sediment",80.29,6.59,21.5,-0.496,-1.606,"0.824","0.82","5e-04","102","52","2","9.2121","N/A","N/A"
"EC_022_INC-D2","Sediment",87.94,6.54,21.7,-0.231,-0.754,"0.433","0.422","6e-04","102","52","2","8.2362","N/A","N/A"
"EC_022_INC-D3","Sediment",87.03,6.53,21.6,-0.187,-0.61,"0.338","0.325","6e-04","104","53","1","8.9137","N/A","N/A"
"EC_022_INC-D4","Sediment",88.78,6.55,21.1,-0.301,-0.97,"0.599","0.591","6e-04","104","53","1","9.4547","N/A","N/A"
"EC_022_INC-D5","Sediment",46.98,6.61,21.4,-0.259,-0.842,"0.745","0.74","4e-04","102","52","2","8.0107","INC_003","N/A"
"EC_022_INC-W1","Sediment",83.39,7.86,20.7,-8.908,-28.904,"0.887","0.871","0.02","16","9","45","7.9665","N/A","N/A"
"EC_022_INC-W2","Sediment",70.91,7.64,21.1,-4.843,-15.648,"0.834","0.825","0.0083","40","21","33","8.1201","N/A","N/A"
"EC_022_INC-W3","Sediment",71.7,6.81,21,-99.795,-323.392,"1","-9999","-9999","2","2","52","-9999","RATE_005","Remove Outlier"
"EC_022_INC-W4","Sediment",73.32,6.76,20.8,-5.137,-16.633,"0.967","0.963","0.0053","20","11","43","5.7421","N/A","N/A"
"EC_022_INC-W5","Sediment",72.09,6.62,21.3,-11.869,-38.43,"0.894","0.858","0.0394","8","5","49","6.3872","N/A","N/A"
"EC_023_INC-D1","Sediment",122.7,6.38,21.5,-268.622,-9999,"1","-9999","-9999","2","2","52","-9999","RATE_005","N/A"
"EC_023_INC-D2","Sediment",108.7,6.32,21.3,-1.016,-9999,"0.959","0.958","5e-04","102","52","2","9.2576","N/A","N/A"
"EC_023_INC-D3","Sediment",117.4,6.41,21.2,-213.236,-9999,"1","-9999","-9999","2","2","52","-9999","RATE_005","N/A"
"EC_023_INC-D4","Sediment",119.2,6.49,21,-269.899,-9999,"1","-9999","-9999","2","2","52","-9999","RATE_005","N/A"
"EC_023_INC-D5","Sediment",117.2,6.57,21.5,-245.434,-9999,"1","-9999","-9999","2","2","52","-9999","RATE_005","N/A"
"EC_023_INC-W1","Sediment",145.8,6.42,21.2,-243.227,-9999,"1","-9999","-9999","2","2","52","-9999","RATE_005","N/A"
"EC_023_INC-W2","Sediment",139,6.46,21.1,-271.999,-9999,"1","-9999","-9999","2","2","52","-9999","RATE_005","N/A"
"EC_023_INC-W3","Sediment",139.9,7.1,21.1,-264.878,-9999,"1","-9999","-9999","2","2","52","-9999","RATE_005","N/A"
"EC_023_INC-W4","Sediment",137.1,6.9,21.1,-257.059,-9999,"1","-9999","-9999","2","2","52","-9999","RATE_005","N/A"
"EC_023_INC-W5","Sediment",136.5,6.7,21.1,-223.44,-9999,"1","-9999","-9999","2","2","52","-9999","RATE_005","N/A"
"EC_024_INC-D1","Sediment",238.4,6.42,21.5,0,0,"0.754","0.749","6e-04","102","52","1","9.1522","N/A","N/A"
"EC_024_INC-D2","Sediment",254.3,6.72,21.3,0,0,"0.355","0.342","8e-04","100","51","2","9.1696","N/A","N/A"
"EC_024_INC-D3","Sediment",248.7,5.99,21.7,0,0,"0.327","0.313","9e-04","100","51","2","10.6095","N/A","N/A"
"EC_024_INC-D4","Sediment",254.3,6.08,21.7,0,0,"0.329","0.315","8e-04","100","51","2","9.7301","N/A","N/A"
"EC_024_INC-D5","Sediment",262.9,6.24,21.6,0,0,"0.293","0.279","7e-04","100","51","2","9.7901","N/A","N/A"
"EC_024_INC-W1","Sediment",226.9,6.3,21.7,-4.103,-11.929,"0.907","0.884","0.0109","10","6","47","9.1976","N/A","Remove Outlier"
"EC_024_INC-W2","Sediment",223.2,6.43,21.5,-1.146,-3.354,"0.985","0.985","3e-04","100","51","2","7.7318","N/A","N/A"
"EC_024_INC-W3","Sediment",223.4,6.58,21.4,-1.209,-3.507,"0.985","0.984","4e-04","100","51","2","8.3724","N/A","N/A"
"EC_024_INC-W4","Sediment",225.5,6.82,21,-1.564,-4.52,"0.981","0.981","5e-04","100","51","2","7.3408","N/A","N/A"
"EC_024_INC-W5","Sediment",218.9,6.08,21.6,-2.913,-8.479,"0.988","0.988","0.0013","36","19","34","7.5898","N/A ","N/A"
"EC_027_INC-D1","Sediment",1157,6.99,21.6,-9999,-9999,"-9999","-9999","-9999","-9999","-9999","-9999","-9999","INC_QA_004","Remove Outlier"
"EC_027_INC-D2","Sediment",1102,7.08,21.8,-9999,-9999,"-9999","-9999","-9999","-9999","-9999","-9999","-9999","INC_QA_004","Remove Outlier"
"EC_027_INC-D3","Sediment",1123,7.16,21.6,-3.299,-17.157,"0.965","0.963","0.0028","30","16","36","7.9792","N/A ","N/A"
"EC_027_INC-D4","Sediment",1117,7.12,22,-109.808,-571.748,"1","-9999","-9999","2","2","50","-9999","RATE_005","N/A"
"EC_027_INC-D5","Sediment",1037,7.03,21.8,-7.881,-40.945,"0.969","0.964","0.0089","16","9","43","8.3221","N/A ","N/A"
"EC_027_INC-W1","Sediment",1097,6.44,21.4,-182.577,-950.641,"1","-9999","-9999","2","2","50","-9999","RATE_005","N/A"
"EC_027_INC-W2","Sediment",1078,7.17,21.6,-265.758,-1385.131,"1","-9999","-9999","2","2","50","-9999","RATE_005","N/A"
"EC_027_INC-W3","Sediment",1002,6.85,21.5,-244.014,-1271.801,"1","-9999","-9999","2","2","50","-9999","RATE_005","N/A"
"EC_027_INC-W4","Sediment",1070,6.92,21.5,-261.147,-1356.767,"1","-9999","-9999","2","2","50","-9999","RATE_005","N/A"
"EC_027_INC-W5","Sediment",1033,7.11,21.4,-9999,-9999,"-9999","-9999","-9999","-9999","-9999","-9999","-9999","INC_QA_004","Remove Outlier"
"EC_032_INC-D1","Sediment",607.9,7.09,19.7,-221.433,-1144.544,"1","-9999","-9999","2","2","52","-9999","RATE_005","N/A"
"EC_032_INC-D2","Sediment",616.1,7.35,20.2,-260.814,-1408.074,"1","-9999","-9999","2","2","52","-9999","RATE_005","N/A"
"EC_032_INC-D3","Sediment",669.4,7.45,19.6,-185.851,-994.426,"1","-9999","-9999","2","2","52","-9999","RATE_005","N/A"
"EC_032_INC-D4","Sediment",642.1,7.51,19.5,-238.136,-1270.059,"1","-9999","-9999","2","2","52","-9999","RATE_005","N/A"
"EC_032_INC-D5","Sediment",677.4,7.76,19.9,-132.501,-676.208,"1","-9999","-9999","2","2","52","-9999","RATE_005","N/A"
"EC_032_INC-W1","Sediment",603.7,6.74,19.8,-265.923,-1426.043,"1","-9999","-9999","2","2","52","-9999","RATE_005","N/A"
"EC_032_INC-W2","Sediment",590.3,6.94,20.3,-267.866,-1442.905,"1","-9999","-9999","2","2","52","-9999","RATE_005","N/A"
"EC_032_INC-W3","Sediment",589.5,7,19.9,-266.952,-1403.841,"1","-9999","-9999","2","2","52","-9999","RATE_005","N/A"
"EC_032_INC-W4","Sediment",607.1,7.22,20.3,-265,-1384.447,"1","-9999","-9999","2","2","52","-9999","RATE_005","N/A"
"EC_032_INC-W5","Sediment",601.5,7.3,20.2,-269.748,-1415.434,"1","-9999","-9999","2","2","52","-9999","RATE_005","N/A"
"EC_033_INC-D1","Sediment",1181,7.62,20.9,0,0,"0.646","0.639","5e-04","102","52","1","9.0866","N/A","N/A"
"EC_033_INC-D2","Sediment",1157,7.57,20.6,0,0,"0.604","0.596","9e-04","102","52","1","8.6207","N/A","N/A"
"EC_033_INC-D3","Sediment",1176,7.36,20.9,0,0,"0.643","0.636","8e-04","100","51","2","8.1234","N/A","N/A"
"EC_033_INC-D4","Sediment",1169,7.62,20.8,-0.18,-0.57,"0.162","0.145","0.001","100","51","2","7.5335","N/A","Remove Outlier"
"EC_033_INC-D5","Sediment",1189,7.66,20.9,0,0,"0.673","0.666","8e-04","100","51","2","8.4935","N/A","N/A"
"EC_033_INC-W1","Sediment",1155,7.7,20.8,-0.034,-0.108,"0.027","0.008","5e-04","102","52","1","7.8993","N/A","Remove Outlier"
"EC_033_INC-W2","Sediment",1131,7.67,21,0,0,"0.661","0.654","5e-04","100","51","2","8.8992","N/A","N/A"
"EC_033_INC-W3","Sediment",1144,7.46,20.8,0,0,"0.736","0.731","6e-04","100","51","2","7.3376","N/A","N/A"
"EC_033_INC-W4","Sediment",1140,7.68,20.8,0,0,"0.809","0.805","6e-04","102","52","1","8.1619","N/A","N/A"
"EC_033_INC-W5","Sediment",1137,7.63,20.7,0,0,"0.826","0.823","6e-04","100","51","2","7.9343","N/A","N/A"
"EC_034_INC-D1","Sediment",494.9,6.5,20.9,-1.368,-4.717,"0.988","0.988","4e-04","98","50","4","9.0925","N/A","N/A"
"EC_034_INC-D2","Sediment",500.8,6.45,21.7,-1.323,-4.556,"0.954","0.953","7e-04","104","53","1","9.7549","N/A","N/A"
"EC_034_INC-D3","Sediment",479.3,6.3,20.7,-1.093,-3.778,"0.496","0.466","0.0045","36","19","35","8.9512","N/A","N/A"
"EC_034_INC-D4","Sediment",489,6.85,21.7,-1.113,-3.868,"0.865","0.862","0.001","104","53","1","9.1097","N/A","N/A"
"EC_034_INC-D5","Sediment",481.6,7.22,20.6,-1.866,-6.434,"0.94","0.938","0.0013","74","38","16","9.341","N/A","N/A"
"EC_034_INC-W1","Sediment",415.5,6.7,21.9,-224.555,-771.416,"1","-9999","-9999","2","2","52","-9999","RATE_005","N/A"
"EC_034_INC-W2","Sediment",409.6,6.57,21.8,-258.728,-892.944,"1","-9999","-9999","2","2","52","-9999","RATE_005","N/A"
"EC_034_INC-W3","Sediment",419.5,6.45,21.7,-206.353,-712.665,"1","-9999","-9999","2","2","52","-9999","RATE_005","N/A"
"EC_034_INC-W4","Sediment",423,6.42,21.7,-252.83,-866.045,"1","-9999","-9999","2","2","52","-9999","RATE_005","N/A"
"EC_034_INC-W5","Sediment",403.4,6.42,21.1,-243.593,-843.893,"1","-9999","-9999","2","2","52","-9999","RATE_005","N/A"
"EC_035_INC-D1","Sediment",279.8,7.14,20.1,-265.215,-1881.946,"1","-9999","-9999","2","2","51","-9999","RATE_005","N/A"
"EC_035_INC-D2","Sediment",261.7,7.06,19.8,-268.682,-1925.317,"1","-9999","-9999","2","2","51","-9999","RATE_005","N/A"
"EC_035_INC-D3","Sediment",254.5,7.16,20,-117.402,-830.738,"1","-9999","-9999","2","2","51","-9999","RATE_005","N/A"
"EC_035_INC-D4","Sediment",274.9,7.09,19.9,-269.861,-1917.433,"1","-9999","-9999","2","2","51","-9999","RATE_005","N/A"
"EC_035_INC-D5","Sediment",274.9,6.86,18.8,-262.968,-1866.002,"1","-9999","-9999","2","2","51","-9999","RATE_005","N/A"
"EC_035_INC-W1","Sediment",296.4,7.53,20.1,-268.417,-1904.667,"1","-9999","-9999","2","2","51","-9999","RATE_005","N/A"
"EC_035_INC-W2","Sediment",282.8,7.11,20,-274.839,-1947.317,"1","-9999","-9999","2","2","51","-9999","RATE_005","N/A"
"EC_035_INC-W3","Sediment",272.9,7.14,19.9,-264.923,-1882.348,"1","-9999","-9999","2","2","51","-9999","RATE_005","N/A"
"EC_035_INC-W4","Sediment",283.5,7.07,20.1,-276.469,-1956.299,"1","-9999","-9999","2","2","51","-9999","RATE_005","N/A"
"EC_035_INC-W5","Sediment",285.5,7.03,19.9,-270.133,-1916.844,"1","-9999","-9999","2","2","51","-9999","RATE_005","N/A"
"EC_037_INC-D1","Sediment",361.1,6.34,21.1,-2.084,-6.052,"0.672","0.618","0.0099","14","8","44","9.9105","N/A","Remove Outlier"
"EC_037_INC-D2","Sediment",358.6,6.28,21.4,-1.616,-4.665,"0.928","0.923","0.002","30","16","36","9.4625","N/A","Remove Outlier"
"EC_037_INC-D3","Sediment",363.8,6.72,20.9,-1.517,-4.365,"0.955","0.952","0.0014","32","17","35","9.1692","N/A","N/A"
"EC_037_INC-D4","Sediment",367.1,6.57,21.2,-0.469,-1.347,"0.693","0.687","7e-04","100","51","1","9.9626","N/A","N/A"
"EC_037_INC-D5","Sediment",366.9,6.69,20.8,-0.558,-1.623,"0.929","0.927","4e-04","98","50","2","9.9636","N/A","N/A"
"EC_037_INC-W1","Sediment",361.3,7.01,20.7,-1.867,-5.354,"0.984","0.984","6e-04","98","50","2","7.0627","N/A","N/A"
"EC_037_INC-W2","Sediment",353,6.61,21,-1.771,-5.062,"0.978","0.977","6e-04","100","51","1","7.1384","N/A","N/A"
"EC_037_INC-W3","Sediment",352.2,6.86,21.2,-4.405,-12.835,"0.824","0.737","0.024","6","4","48","7.3083","N/A","N/A"
"EC_037_INC-W4","Sediment",351,6.63,20.7,-1.943,-5.524,"0.984","0.983","7e-04","80","41","11","6.6056","N/A","N/A"
"EC_037_INC-W5","Sediment",361.3,6.43,20.1,-4.434,-12.491,"0.918","0.907","0.0083","16","9","43","6.8309","N/A ","N/A"
"EC_038_INC-D1","Sediment",162.1,6.48,20.9,-0.449,-1.386,"0.904","0.902","4e-04","98","50","2","9.7511","N/A","N/A"
"EC_038_INC-D2","Sediment",153.6,6.84,20.8,-0.335,-1.03,"0.926","0.924","2e-04","98","50","2","8.3119","N/A","N/A"
"EC_038_INC-D3","Sediment",148.3,6.88,20.9,-0.209,-0.66,"0.709","0.703","3e-04","98","50","2","8.7243","N/A","N/A"
"EC_038_INC-D4","Sediment",171.5,6.52,20.1,-0.242,-0.742,"0.669","0.662","4e-04","98","50","2","9.2996","N/A","N/A"
"EC_038_INC-D5","Sediment",163.5,6.53,21.3,-0.372,-1.166,"0.93","0.929","2e-04","98","50","2","9.8023","N/A","N/A"
"EC_038_INC-W1","Sediment",148.4,6.65,20.9,-5.415,-16.652,"0.934","0.924","0.0091","16","9","43","5.6522","N/A ","N/A"
"EC_038_INC-W2","Sediment",157.9,6.93,20.9,-14.654,-45.92,"0.868","0.803","0.0672","6","4","48","6.1293","N/A ","Remove Outlier"
"EC_038_INC-W3","Sediment",141.3,7.01,20.9,-5.403,-16.779,"0.92","0.91","0.0094","18","10","42","5.7874","N/A ","N/A"
"EC_038_INC-W4","Sediment",146.1,6.57,21.3,-12.213,-38.271,"0.891","0.864","0.0356","10","6","46","6.7366","N/A ","N/A"
"EC_038_INC-W5","Sediment",139.9,6.75,20.9,-109.76,-341.762,"1","-9999","-9999","2","2","50","-9999","RATE_005","Remove Outlier"
"EC_039_INC-D1","Sediment",527.9,7.74,20.6,0,0,"0.006","0.013","6e-04","104","53","1","9.5477","N/A","N/A"
"EC_039_INC-D2","Sediment",525.6,7.74,20.6,0,0,"0.154","0.138","4e-04","104","53","1","9.6312","N/A","N/A"
"EC_039_INC-D3","Sediment",521.5,7.46,20.4,0,0,"0.386","0.373","4e-04","102","52","2","9.1256","N/A","N/A"
"EC_039_INC-D4","Sediment",532.9,7.69,20.3,0,0,"0.239","0.224","5e-04","102","52","2","9.2364","N/A","N/A"
"EC_039_INC-D5","Sediment",524.5,7.32,20.3,0,0,"0.069","0.05","4e-04","102","52","2","8.7767","N/A","N/A"
"EC_039_INC-W1","Sediment",514.7,7.04,20.5,-0.658,-2.131,"0.945","0.943","4e-04","102","52","2","7.4577","N/A","N/A"
"EC_039_INC-W2","Sediment",506.2,7.16,20.5,-8.443,-27.888,"0.971","0.956","0.0172","6","4","50","7.4686","N/A","Remove Outlier"
"EC_039_INC-W3","Sediment",499.9,7.45,20.2,-0.418,-1.372,"0.81","0.807","5e-04","104","53","1","6.5267","N/A","N/A"
"EC_039_INC-W4","Sediment",512.2,7.47,20.2,-0.526,-1.715,"0.851","0.848","5e-04","104","53","1","6.5996","N/A","N/A"
"EC_039_INC-W5","Sediment",486.8,7.61,20.4,-10.591,-34.552,"0.895","0.842","0.0428","6","4","50","6.9921","N/A","Remove Outlier"
"EC_040_INC-D1","Sediment",528.2,7.52,20.1,-0.791,-2.871,"0.878","0.876","7e-04","102","52","1","9.2562","N/A","Remove Outlier"
"EC_040_INC-D2","Sediment",534.3,7.35,19.7,-0.273,-0.993,"0.745","0.74","4e-04","102","52","1","9.9256","N/A","N/A"
"EC_040_INC-D3","Sediment",544,7.27,20.1,-0.247,-0.9,"0.579","0.57","5e-04","100","51","2","9.9073","N/A","N/A"
"EC_040_INC-D4","Sediment",542.2,7.5,19.9,-0.279,-1.014,"0.391","0.378","8e-04","100","51","2","10.8135","N/A","N/A"
"EC_040_INC-D5","Sediment",526,7.54,19.9,-0.441,-1.629,"0.96","0.959","2e-04","102","52","1","10.932","N/A","N/A"
"EC_040_INC-W1","Sediment",486.1,7.45,20,-208.29,-769.596,"1","-9999","-9999","2","2","51","-9999","RATE_005","N/A"
"EC_040_INC-W2","Sediment",502.3,7.17,19.9,-246.264,-899.654,"1","-9999","-9999","2","2","51","-9999","RATE_005","N/A"
"EC_040_INC-W3","Sediment",479.2,7.3,19.9,-233.337,-860.091,"1","-9999","-9999","2","2","51","-9999","RATE_005","N/A"
"EC_040_INC-W4","Sediment",499.9,7.28,20.3,-256.415,-946.72,"1","-9999","-9999","2","2","51","-9999","RATE_005","N/A"
"EC_040_INC-W5","Sediment",494.8,7.35,20.2,-169.462,-622.138,"1","-9999","-9999","2","2","51","-9999","RATE_005","N/A"
"EC_041_INC-D1","Sediment",234.7,7.39,20.3,-6.566,-24.51,"0.951","0.942","0.0102","14","8","37","5.9937","N/A ","N/A"
"EC_041_INC-D2","Sediment",217.8,7.52,20.7,-0.838,-3.113,"0.898","0.896","7e-04","84","43","2","9.7791","N/A","Remove Outlier"
"EC_041_INC-D3","Sediment",231.5,7.35,20.5,-6.963,-25.907,"0.891","0.877","0.0143","18","10","35","6.3082","N/A ","N/A"
"EC_041_INC-D4","Sediment",225.5,7.4,20.7,-4.031,-15.072,"0.718","0.678","0.0159","16","9","36","6.4241","N/A ","N/A"
"EC_041_INC-D5","Sediment",227.3,7.12,20.5,-0.66,-2.464,"0.949","0.948","4e-04","84","43","2","9.0482","N/A","Remove Outlier"
"EC_041_INC-W1","Sediment",258.6,7.44,20,-142.104,-528.714,"1","-9999","-9999","2","2","43","-9999","RATE_005","N/A"
"EC_041_INC-W2","Sediment",249.9,7.23,20.7,-157.769,-586.571,"1","-9999","-9999","2","2","43","-9999","RATE_005","N/A"
"EC_041_INC-W3","Sediment",254.2,7.23,19.9,-133.324,-497.685,"1","-9999","-9999","2","2","43","-9999","RATE_005","N/A"
"EC_041_INC-W4","Sediment",214.6,7.38,20.3,-96.174,-358.156,"1","-9999","-9999","2","2","43","-9999","RATE_005; INC_005","N/A"
"EC_041_INC-W5","Sediment",236,7.23,20.4,-105.325,-391.873,"1","-9999","-9999","2","2","43","-9999","RATE_005; INC_002","N/A"
"EC_042_INC-D1","Sediment",126,7.47,20.3,-0.183,-0.641,"0.197","0.178","0.001","86","44","1","8.7901","N/A","N/A"
"EC_042_INC-D2","Sediment",110.6,7.42,20.2,-0.393,-1.382,"0.806","0.801","5e-04","84","43","2","8.5605","N/A","N/A"
"EC_042_INC-D3","Sediment",117.6,7.4,19.8,-0.481,-1.698,"0.887","0.885","4e-04","84","43","2","10.0669","N/A","N/A"
"EC_042_INC-D4","Sediment",120.4,7.39,20.7,-5.319,-18.752,"0.935","0.928","0.0074","22","12","33","10.052","N/A","Remove Outlier"
"EC_042_INC-D5","Sediment",112.2,7.36,20.2,-0.37,-1.304,"0.794","0.789","5e-04","86","44","1","8.395","INC_004","N/A"
"EC_042_INC-W1","Sediment",113.5,7.24,20.2,-9.132,-32.072,"0.977","0.97","0.0134","8","5","40","6.911","N/A","Remove Outlier"
"EC_042_INC-W2","Sediment",113.7,7.46,20.5,-3.199,-11.2,"0.944","0.938","0.0043","20","11","34","7.2409","N/A","N/A"
"EC_042_INC-W3","Sediment",114.2,7.41,20.3,-3.291,-11.621,"0.817","0.79","0.0098","16","9","36","6.9741","N/A","N/A"
"EC_042_INC-W4","Sediment",115.9,7.11,20.5,-2.763,-9.673,"0.902","0.892","0.005","20","11","34","6.7479","N/A","N/A"
"EC_042_INC-W5","Sediment",114.3,7.06,20.3,-3.115,-10.932,"0.856","0.827","0.0095","12","7","38","7.2701","N/A","N/A"
"EC_044_INC-D1","Sediment",129.4,5.7,20.7,0,0,"0.328","0.315","9e-04","102","52","2","9.4075","N/A","N/A"
"EC_044_INC-D2","Sediment",125.4,5.42,20.7,0,0,"0.24","0.224","8e-04","102","52","2","10.3289","N/A","N/A"
"EC_044_INC-D3","Sediment",129.6,5.29,20.9,0,0,"0.173","0.157","9e-04","104","53","1","11.3871","N/A","N/A"
"EC_044_INC-D4","Sediment",42.01,5.44,20.9,0,0,"0.099","0.082","6e-04","104","53","1","9.0171","INC_003","N/A"
"EC_044_INC-D5","Sediment",39.58,5.63,20.7,-0.042,-0.128,"0.071","0.053","4e-04","102","52","2","9.7128","INC_003","Remove Outlier"
"EC_044_INC-W1","Sediment",131.7,7.18,19.8,-2.498,-7.597,"0.83","0.809","0.0067","18","10","44","7.3402","N/A","N/A"
"EC_044_INC-W2","Sediment",121.7,6.21,20.7,-1.016,-3.109,"0.96","0.959","6e-04","72","37","17","6.6613","N/A","N/A"
"EC_044_INC-W3","Sediment",120.6,5.92,20.1,-5.858,-17.927,"0.86","0.79","0.0278","6","4","50","7.0624","N/A","Remove Outlier"
"EC_044_INC-W4","Sediment",122.4,5.88,20.7,-9.288,-28.326,"0.925","0.888","0.0311","6","4","50","7.718","N/A","Remove Outlier"
"EC_044_INC-W5","Sediment",123.3,5.98,20.9,-3.858,-11.797,"0.898","0.877","0.0097","12","7","47","7.3274","N/A","N/A"
"EC_051_INC-D1","Sediment",37.3,7.45,21.2,-2.553,-8.805,"0.97","0.969","0.0016","44","23","31","-9999","RATE_003","Remove Outlier"
"EC_051_INC-D2","Sediment",43.55,7.61,21.2,-13.03,-45.048,"0.971","0.956","0.0267","6","4","50","12.9251","RATE_003","Remove Outlier"
"EC_051_INC-D3","Sediment",43.6,7.23,21.2,-0.202,-0.7,"0.648","0.641","3e-04","104","53","1","11.5365","RATE_003","N/A"
"EC_051_INC-D4","Sediment",41.98,7.23,21.2,-0.241,-0.832,"0.681","0.675","4e-04","102","52","2","10.4067","RATE_003","N/A"
"EC_051_INC-D5","Sediment",40.67,7.2,21.1,-0.141,-0.488,"0.249","0.235","6e-04","104","53","1","10.6004","RATE_003","N/A"
"EC_051_INC-W1","Sediment",53.91,7.6,20.7,-1.433,-4.954,"0.674","0.638","0.0055","20","11","43","8.5794","RATE_003","N/A"
"EC_051_INC-W2","Sediment",45.19,7.59,20.9,-0.71,-2.451,"0.92","0.919","5e-04","102","52","2","9.6217","RATE_003","N/A"
"EC_051_INC-W3","Sediment",44.63,7.75,20.8,-0.672,-2.332,"0.947","0.946","4e-04","102","52","2","9.5585","RATE_003","N/A"
"EC_051_INC-W4","Sediment",40.23,7.47,20.9,-1.589,-5.489,"0.895","0.888","0.0023","34","18","36","8.5086","RATE_003","N/A"
"EC_051_INC-W5","Sediment",39.76,7.19,21.1,-8.997,-31.078,"0.747","0.621","0.0617","6","4","50","10.6684","RATE_003","Remove Outlier"
"EC_052_INC-D1","Sediment",61.2,6.34,21,-3.74,-15.812,"0.977","0.975","0.0026","30","16","39","7.7086","RATE_003","N/A"
"EC_052_INC-D2","Sediment",41.62,6.59,20.6,-0.743,-3.136,"0.954","0.953","4e-04","104","53","2","9.2959","RATE_003","Remove Outlier"
"EC_052_INC-D3","Sediment",47.12,6.5,20.8,-3.912,-16.552,"0.891","0.879","0.0076","20","11","44","8.2288","RATE_003","N/A"
"EC_052_INC-D4","Sediment",41.82,6.65,20.9,-6.731,-28.532,"0.871","0.828","0.0249","8","5","50","10.7419","RATE_003","Remove Outlier"
"EC_052_INC-D5","Sediment",45.57,6.3,20.1,-3.155,-13.411,"0.958","0.955","0.0028","32","17","38","9.6033","RATE_003","N/A"
"EC_052_INC-W1","Sediment",63.11,7.24,20.1,-4.521,-19.164,"0.961","0.958","0.0046","24","13","42","7.941","RATE_003","N/A"
"EC_052_INC-W2","Sediment",54.42,6.61,20.8,-9.522,-40.403,"0.961","0.949","0.0183","8","5","50","6.8692","RATE_003","N/A"
"EC_052_INC-W3","Sediment",53.87,6.61,21.2,-6.74,-28.495,"0.623","0.497","0.0505","8","5","50","7.134","RATE_003","N/A"
"EC_052_INC-W4","Sediment",53.65,6.6,21.2,-4.736,-20.112,"0.918","0.91","0.0075","22","12","43","7.9403","RATE_003","N/A"
"EC_052_INC-W5","Sediment",54.7,6.63,20.2,-5.045,-21.312,"0.931","0.925","0.0069","24","13","42","8.5418","RATE_003","N/A"
"EC_053_INC-D1","Sediment",34.22,5.73,20.4,-0.472,-1.744,"0.892","0.89","4e-04","104","53","2","8.5176","RATE_003","N/A"
"EC_053_INC-D2","Sediment",35.58,5.43,20.6,-0.469,-1.746,"0.863","0.86","4e-04","104","53","2","9.0573","RATE_003","N/A"
"EC_053_INC-D3","Sediment",34.53,5.57,20.4,-0.345,-1.244,"0.834","0.83","4e-04","106","54","1","8.4407","RATE_003","N/A"
"EC_053_INC-D4","Sediment",34.37,5.64,20.4,-0.527,-1.971,"0.802","0.798","6e-04","106","54","1","9.6426","RATE_003","N/A"
"EC_053_INC-D5","Sediment",34.46,5.73,20.4,-0.355,-1.34,"0.87","0.868","3e-04","104","53","2","9.2328","RATE_003","N/A"
"EC_053_INC-W1","Sediment",41.3,6.35,20.5,-0.726,-2.691,"0.923","0.921","5e-04","104","53","2","8.0951","RATE_003","N/A"
"EC_053_INC-W2","Sediment",38.88,6.59,20.4,-2.559,-9.542,"0.853","0.832","0.0067","16","9","46","7.6793","RATE_003","Remove Outlier"
"EC_053_INC-W3","Sediment",37.74,6.07,20.6,-0.724,-2.702,"0.924","0.922","5e-04","106","54","1","7.1136","RATE_003","N/A"
"EC_053_INC-W4","Sediment",35.75,5.75,20.8,-1.349,-4.994,"0.871","0.863","0.0022","32","17","38","7.4708","RATE_003","N/A"
"EC_053_INC-W5","Sediment",37.27,5.62,20.7,-1.236,-4.493,"0.949","0.946","0.001","44","23","32","8.4137","RATE_003","N/A"
"EC_056_INC-D1","Sediment",20.85,7.12,20.9,0,0,"0.43","0.418","6e-04","102","52","2","9.2645","RATE_003","N/A"
"EC_056_INC-D2","Sediment",15.05,6.03,20.4,0,0,"0.175","0.159","0.0016","102","52","2","9.1116","RATE_003","N/A"
"EC_056_INC-D3","Sediment",16.68,5.94,20.2,0,0,"0.448","0.437","9e-04","102","52","2","9.4377","RATE_003","N/A"
"EC_056_INC-D4","Sediment",21.28,5.27,20.6,0,0,"0.581","0.573","6e-04","104","53","1","11.5967","RATE_003","N/A"
"EC_056_INC-D5","Sediment",18.72,5.42,20.7,0,0,"0.694","0.687","6e-04","102","52","2","10.0363","RATE_003","N/A"
"EC_056_INC-W1","Sediment",20.42,5.33,21,0,0,"0.696","0.69","5e-04","102","52","2","8.196","RATE_003","N/A"
"EC_056_INC-W2","Sediment",14.49,5.48,21,0,0,"0.408","0.396","6e-04","104","53","1","8.8238","RATE_003","N/A"
"EC_056_INC-W3","Sediment",16.04,5.5,21,0,0,"0.556","0.547","7e-04","102","52","2","8.9165","RATE_003","N/A"
"EC_056_INC-W4","Sediment",15.61,5.34,20.7,0,0,"0.671","0.665","7e-04","102","52","2","9.185","RATE_003","N/A"
"EC_056_INC-W5","Sediment",15.64,5.37,21,0,0,"0.087","0.069","3e-04","104","53","1","9.107","RATE_003","N/A"
"EC_057_INC-D1","Sediment",15.33,7.57,20.9,-0.124,-0.362,"0.445","0.433","3e-04","102","52","2","9.0395","RATE_003","Remove Outlier"
"EC_057_INC-D2","Sediment",18.72,8.92,20.6,0,0,"0.038","0.019","4e-04","104","53","1","10.9874","RATE_003","N/A"
"EC_057_INC-D3","Sediment",15.39,8.8,21,-0.188,-0.553,"0.613","0.605","3e-04","104","53","1","9.2737","RATE_003","Remove Outlier"
"EC_057_INC-D4","Sediment",15.02,7.34,20.1,0,0,"0.727","0.721","3e-04","102","52","2","10.0354","RATE_003","N/A"
"EC_057_INC-D5","Sediment",15.2,8.23,21,0,0,"0.001","0.019","5e-04","102","52","2","10.3413","RATE_003","N/A"
"EC_057_INC-W1","Sediment",14.8,8.24,21.1,-0.209,-0.609,"0.706","0.7","3e-04","104","53","1","7.5964","RATE_003","Remove Outlier"
"EC_057_INC-W2","Sediment",14.97,7.94,21,-0.051,-0.149,"0.158","0.142","3e-04","102","52","2","8.849","RATE_003","N/A"
"EC_057_INC-W3","Sediment",15.11,6.73,21.1,-0.317,-0.929,"0.776","0.772","4e-04","104","53","1","9.6696","RATE_003","Remove Outlier"
"EC_057_INC-W4","Sediment",15.03,6.73,21,-0.156,-0.456,"0.666","0.66","3e-04","102","52","2","8.8861","RATE_003","N/A"
"EC_057_INC-W5","Sediment",14.86,7.12,20.9,-0.064,-0.187,"0.239","0.224","3e-04","102","52","2","8.1355","RATE_003","N/A"
"EC_063_INC-D1","Sediment",119.5,7.73,20.7,-0.376,-1.131,"0.901","0.899","3e-04","100","51","2","9.8679","N/A","N/A"
"EC_063_INC-D2","Sediment",120.6,7,20.7,-0.288,-0.872,"0.722","0.716","4e-04","100","51","2","9.5181","N/A","N/A"
"EC_063_INC-D3","Sediment",125.8,6.78,20.7,0,0,"0.175","0.158","8e-04","102","52","1","9.5315","N/A","Remove Outlier"
"EC_063_INC-D4","Sediment",120.6,6.55,20.6,-0.404,-1.225,"0.901","0.899","3e-04","102","52","1","9.6187","N/A","N/A"
"EC_063_INC-D5","Sediment",116.2,6.69,20.6,-0.464,-1.398,"0.768","0.763","6e-04","100","51","2","10.9662","N/A","N/A"
"EC_063_INC-W1","Sediment",107.6,6.64,20.7,-3.746,-11.376,"0.843","0.812","0.012","12","7","46","6.7947","N/A","N/A"
"EC_063_INC-W2","Sediment",113.7,6.4,20.7,-9.49,-28.601,"0.959","0.945","0.019","8","5","48","6.7234","N/A","N/A"
"EC_063_INC-W3","Sediment",111.6,6.44,20.9,-5.04,-15.223,"0.968","0.963","0.0062","14","8","45","5.7722","N/A","N/A"
"EC_063_INC-W4","Sediment",111.6,6.51,20.8,-3.697,-11.218,"0.912","0.9","0.0072","16","9","44","6.5322","N/A","N/A"
"EC_063_INC-W5","Sediment",112.8,6.28,20.4,-5.037,-15.193,"0.943","0.936","0.0073","18","10","43","7.1613","N/A","N/A"
"EC_064_INC-D1","Sediment",291.4,7.5,20.9,-0.69,-4.1,"0.237","0.141","0.0073","18","10","44","10.6602","N/A","N/A"
"EC_064_INC-D2","Sediment",286.2,7.37,21,-0.645,-3.833,"0.892","0.889","5e-04","104","53","1","10.4581","N/A","N/A"
"EC_064_INC-D3","Sediment",295.2,7.26,21.2,-0.596,-3.542,"0.892","0.89","5e-04","104","53","1","9.4756","N/A","N/A"
"EC_064_INC-D4","Sediment",290.2,7.34,20.9,-0.814,-4.837,"0.968","0.967","4e-04","102","52","2","10.1458","N/A","N/A"
"EC_064_INC-D5","Sediment",290.4,7.16,20.9,-0.958,-5.699,"0.954","0.953","5e-04","102","52","2","9.9427","N/A","N/A"
"EC_064_INC-W1","Sediment",314.9,7.2,20.9,-149.567,-887.608,"1","-9999","-9999","2","2","52","-9999","RATE_005; INC_004","N/A"
"EC_064_INC-W2","Sediment",300.9,7.13,21,-32.074,-190.591,"0.891","0.782","0.1867","4","3","51","6.6124","N/A","N/A"
"EC_064_INC-W3","Sediment",312.3,7.3,21,-107.447,-639.184,"1","-9999","-9999","2","2","52","-9999","RATE_005","N/A"
"EC_064_INC-W4","Sediment",306.2,7.26,20.9,-129.087,-767.064,"1","-9999","-9999","2","2","52","-9999","RATE_005","N/A"
"EC_064_INC-W5","Sediment",306.6,7.33,20.9,-119.436,-709.715,"1","-9999","-9999","2","2","52","-9999","RATE_005","N/A"
"EC_065_INC-D1","Sediment",30.11,5.71,19.5,-2.838,-9.75,"0.907","0.898","0.0048","22","12","42","9.1972","N/A","N/A"
"EC_065_INC-D2","Sediment",31.24,5.93,19.4,-4.808,-16.338,"0.922","0.914","0.0074","22","12","42","6.8494","N/A","N/A"
"EC_065_INC-D3","Sediment",31.76,5.76,19.5,-4.896,-16.515,"0.913","0.902","0.0089","18","10","44","6.1579","N/A","N/A"
"EC_065_INC-D4","Sediment",34.78,5.65,19.6,-3.078,-10.47,"0.906","0.898","0.0048","26","14","40","6.333","N/A","N/A"
"EC_065_INC-D5","Sediment",31.89,5.85,19.9,-2.345,-8.041,"0.963","0.96","0.002","30","16","38","6.7526","N/A","N/A"
"EC_065_INC-W1","Sediment",33.03,5.65,19.3,-6.498,-22.381,"0.956","0.951","0.0078","20","11","43","6.0999","N/A","N/A"
"EC_065_INC-W2","Sediment",31.98,5.67,19.5,-4.411,-14.959,"0.924","0.915","0.007","20","11","43","5.7537","N/A","N/A"
"EC_065_INC-W3","Sediment",32.25,5.57,19.5,-7.415,-25.697,"0.88","0.865","0.0161","18","10","44","6.458","N/A","N/A"
"EC_065_INC-W4","Sediment",32.67,5.81,19.6,-5.754,-19.926,"0.872","0.853","0.0139","16","9","45","6.0901","N/A","N/A"
"EC_065_INC-W5","Sediment",36.77,7.14,19.3,-6.982,-24.004,"0.94","0.931","0.0111","16","9","45","6.4833","N/A","N/A"
"EC_066_INC-D1","Sediment",37.11,6.11,20.1,-0.177,-0.569,"0.568","0.56","4e-04","104","53","2","10.3105","N/A","N/A"
"EC_066_INC-D2","Sediment",38.61,5.98,20.4,0,0,"0.069","0.051","4e-04","104","53","2","9.3765","N/A","Remove Outlier"
"EC_066_INC-D3","Sediment",46.63,6.22,20.3,-0.14,-0.446,"0.366","0.353","4e-04","104","53","2","9.4582","N/A","N/A"
"EC_066_INC-D4","Sediment",43.97,6.17,19.6,-0.162,-0.517,"0.397","0.385","5e-04","104","53","2","9.9467","N/A","N/A"
"EC_066_INC-D5","Sediment",37.32,7.84,20.3,-0.09,-0.288,"0.191","0.175","4e-04","104","53","2","10.3119","N/A","N/A"
"EC_066_INC-W1","Sediment",37.21,7.6,20.2,-0.368,-1.177,"0.841","0.838","4e-04","106","54","1","9.9677","N/A","N/A"
"EC_066_INC-W2","Sediment",36.85,6.9,19.5,-0.362,-1.164,"0.845","0.842","4e-04","104","53","2","8.8076","N/A","N/A"
"EC_066_INC-W3","Sediment",37.44,6.04,18.9,-0.451,-1.444,"0.847","0.844","4e-04","104","53","2","10.0216","N/A","N/A"
"EC_066_INC-W4","Sediment",35.2,6.14,20.3,-0.352,-1.125,"0.755","0.751","5e-04","106","54","1","8.9706","N/A","N/A"
"EC_066_INC-W5","Sediment",35.18,5.94,20.5,-0.399,-1.274,"0.795","0.791","5e-04","104","53","2","10.1454","N/A","N/A"
"EC_068_INC-D1","Sediment",273.8,6.8,21.9,-125.655,-797.081,"1","-9999","-9999","2","2","53","-9999","RATE_005","N/A"
"EC_068_INC-D2","Sediment",284.6,6.74,21.9,-248.984,-1579.408,"1","-9999","-9999","2","2","53","-9999","RATE_005","N/A"
"EC_068_INC-D3","Sediment",202.5,6.72,21.6,-262.127,-1652.156,"1","-9999","-9999","2","2","53","-9999","RATE_005","N/A"
"EC_068_INC-D4","Sediment",282.4,6.69,21.8,-251.195,-1579.155,"1","-9999","-9999","2","2","53","-9999","RATE_005","N/A"
"EC_068_INC-D5","Sediment",259.7,6.74,21.7,-227.617,-1430.93,"1","-9999","-9999","2","2","53","-9999","RATE_005","N/A"
"EC_068_INC-W1","Sediment",307.2,6.91,21.7,-259.426,-1637.412,"1","-9999","-9999","2","2","53","-9999","RATE_005","N/A"
"EC_068_INC-W2","Sediment",322.1,6.78,21.9,-265.563,-1673.813,"1","-9999","-9999","2","2","53","-9999","RATE_005","N/A"
"EC_068_INC-W3","Sediment",312.1,6.84,21.9,-260.234,-1646.788,"1","-9999","-9999","2","2","53","-9999","RATE_005","N/A"
"EC_068_INC-W4","Sediment",307.9,6.81,21.8,-249.396,-1578.204,"1","-9999","-9999","2","2","53","-9999","RATE_005","N/A"
"EC_068_INC-W5","Sediment",294.5,6.78,21.8,-266.835,-1688.56,"1","-9999","-9999","2","2","53","-9999","RATE_005","N/A"
"EC_069_INC-D1","Sediment",1650,6.97,20.9,-1.58,-5.042,"0.988","0.987","4e-04","102","52","2","9.5492","N/A","N/A"
"EC_069_INC-D2","Sediment",1667,6.84,20.9,-3.05,-9.738,"0.927","0.921","0.0041","26","14","40","10.1663","VI_ALL_007","N/A"
"EC_069_INC-D3","Sediment",1622,6.98,21,-4.122,-13.134,"0.859","0.836","0.0114","14","8","46","10.2355","N/A","Remove Outlier"
"EC_069_INC-D4","Sediment",1624,6.62,21.1,-7.678,-24.444,"0.827","0.741","0.0413","6","4","50","11.0167","N/A","Remove Outlier"
"EC_069_INC-D5","Sediment",1610,6.83,21.3,-0.58,-1.84,"0.889","0.886","5e-04","102","52","2","10.5876","N/A","N/A"
"EC_069_INC-W1","Sediment",1277,6.61,21.3,-151.061,-478.218,"1","-9999","-9999","2","2","52","-9999","RATE_005","N/A"
"EC_069_INC-W2","Sediment",1256,6.57,21.2,-215.615,-682.578,"1","-9999","-9999","2","2","52","-9999","RATE_005","N/A"
"EC_069_INC-W3","Sediment",1241,6.48,21.3,-242.011,-768.857,"1","-9999","-9999","2","2","52","-9999","RATE_005","N/A"
"EC_069_INC-W4","Sediment",1243,6.41,21.3,-218.605,-697.987,"1","-9999","-9999","2","2","52","-9999","RATE_005","N/A"
"EC_069_INC-W5","Sediment",1278,6.57,21.2,-182.199,-581.378,"1","-9999","-9999","2","2","52","7.8291","N/A","N/A"
"EC_070_INC-D1","Sediment",147.3,6.89,21,-1.161,-4.036,"0.909","0.907","0.001","84","43","2","11.2645","N/A","Remove Outlier"
"EC_070_INC-D2","Sediment",146.8,7.01,20.7,-2.258,-7.837,"0.773","0.728","0.0091","12","7","38","11.1707","N/A","Remove Outlier"
"EC_070_INC-D3","Sediment",137.3,7.25,20.1,0,0,"0.001","0.022","9e-04","86","44","1","13.0569","N/A","N/A"
"EC_070_INC-D4","Sediment",149.3,7.05,21.1,-0.095,-0.33,"0.081","0.058","8e-04","84","43","2","11.1955","N/A","N/A"
"EC_070_INC-D5","Sediment",151.9,6.97,21.1,-0.647,-2.239,"0.964","0.963","3e-04","86","44","1","10.8645","N/A","N/A"
"EC_070_INC-W1","Sediment",176.7,6.96,20.7,-3.663,-12.782,"0.951","0.947","0.0037","30","16","29","7.6096","N/A","N/A"
"EC_070_INC-W2","Sediment",170.2,6.53,21.2,-3.214,-11.215,"0.983","0.982","0.0017","34","18","27","7.251","N/A","N/A"
"EC_070_INC-W3","Sediment",158.3,6.62,20.8,-2.742,-9.532,"0.975","0.973","0.0019","32","17","28","6.7811","N/A","N/A"
"EC_070_INC-W4","Sediment",162.2,6.71,21.2,-0.306,-1.065,"0.778","0.773","4e-04","84","43","2","7.3348","N/A","Remove Outlier"
"EC_070_INC-W5","Sediment",167.2,6.74,21.2,0,0,"0.033","0.01","0.0011","86","44","1","10.1607","N/A","Remove Outlier"
"EC_071_INC-D1","Sediment",576.4,6.71,20,-6.135,-31.03,"0.996","0.996","0.0014","44","23","32","7.2037","VI_ALL_006","N/A"
"EC_071_INC-D2","Sediment",444.3,6.41,20.3,-282.068,-1423.695,"1","-9999","-9999","2","2","53","-9999","RATE_005; VI_ALL_006","Remove Outlier"
"EC_071_INC-D3","Sediment",604.3,6.69,19.4,-2.994,-15.08,"0.984","0.984","9e-04","106","54","1","10.4108","VI_ALL_006","N/A"
"EC_071_INC-D4","Sediment",426.1,6.54,20,-287.049,-1453.237,"1","-9999","-9999","2","2","53","-9999","RATE_005; VI_ALL_006","Remove Outlier"
"EC_071_INC-D5","Sediment",564.6,6.67,20.1,-6.601,-33.451,"0.958","0.953","0.0077","20","11","44","9.4172","VI_ALL_006","N/A"
"EC_071_INC-W1","Sediment",485.6,7.56,19.2,-286.487,-1446,"1","-9999","-9999","2","2","53","-9999","RATE_005; VI_ALL_006","N/A"
"EC_071_INC-W2","Sediment",466.9,6.73,19.7,-283.662,-1433.098,"1","-9999","-9999","2","2","53","-9999","RATE_005; VI_ALL_006","N/A"
"EC_071_INC-W3","Sediment",476,6.4,20.1,-284.81,-1437.535,"1","-9999","-9999","2","2","53","-9999","RATE_005; VI_ALL_006","N/A"
"EC_071_INC-W4","Sediment",457.6,6.47,19.2,-282.348,-1428.081,"1","-9999","-9999","2","2","53","-9999","RATE_005; VI_ALL_006","N/A"
"EC_071_INC-W5","Sediment",464.7,6.59,19.7,-289.075,-1459.062,"1","-9999","-9999","2","2","53","-9999","RATE_005; VI_ALL_006","N/A"
"EC_072_INC-D1","Sediment",935.2,7.01,20.9,-267.471,-1348.611,"1","-9999","-9999","2","2","54","-9999","RATE_005","N/A"
"EC_072_INC-D2","Sediment",932.2,6.96,20.8,-237.513,-1200.204,"1","-9999","-9999","2","2","54","-9999","RATE_005","N/A"
"EC_072_INC-D3","Sediment",947.2,7.01,21.1,-268.511,-1355.213,"1","-9999","-9999","2","2","54","-9999","RATE_005","N/A"
"EC_072_INC-D4","Sediment",915.7,6.98,21.1,-198.072,-992.136,"1","-9999","-9999","2","2","54","-9999","RATE_005","N/A"
"EC_072_INC-D5","Sediment",-9999,-9999,-9999,-9999,-9999,"-9999","-9999","-9999","-9999","-9999","-9999","-9999","INC_Method_001","Remove Outlier"
"EC_072_INC-W1","Sediment",972.3,6.88,20.1,-263.514,-1334.272,"1","-9999","-9999","2","2","54","-9999","RATE_005","N/A"
"EC_072_INC-W2","Sediment",956.4,6.86,20.9,-245.652,-1245.329,"1","-9999","-9999","2","2","54","-9999","RATE_005","N/A"
"EC_072_INC-W3","Sediment",967.5,6.84,21.2,-266.809,-1348.243,"1","-9999","-9999","2","2","54","-9999","RATE_005","N/A"
"EC_072_INC-W4","Sediment",942.7,6.86,20.9,-272.588,-1378.83,"1","-9999","-9999","2","2","54","-9999","RATE_005","N/A"
"EC_072_INC-W5","Sediment",-9999,-9999,-9999,-9999,-9999,"-9999","-9999","-9999","-9999","-9999","-9999","-9999","INC_Method_001","Remove Outlier"
"EC_073_INC-D1","Sediment",102.5,8.04,21.2,-0.291,-1.415,"0.619","0.611","5e-04","102","52","2","10.9208","N/A","N/A"
"EC_073_INC-D2","Sediment",103.2,7.7,21.2,-0.338,-1.637,"0.795","0.791","4e-04","104","53","1","9.1534","N/A","N/A"
"EC_073_INC-D3","Sediment",105.5,7.49,21.3,-0.243,-1.177,"0.725","0.719","3e-04","104","53","1","8.2994","N/A","N/A"
"EC_073_INC-D4","Sediment",104.6,7.46,21.3,-0.313,-1.516,"0.753","0.748","4e-04","104","53","1","11.3804","N/A","N/A"
"EC_073_INC-D5","Sediment",103,7.5,21.4,-0.175,-0.849,"0.728","0.723","3e-04","102","52","2","8.1722","N/A","N/A"
"EC_073_INC-W1","Sediment",110.4,8.05,21.3,-2.151,-10.437,"0.504","0.405","0.0159","12","7","47","8.8525","N/A","N/A"
"EC_073_INC-W2","Sediment",109.4,7.86,21.2,-2.455,-11.888,"0.901","0.892","0.0041","24","13","41","7.0769","N/A","N/A"
"EC_073_INC-W3","Sediment",108.8,7.7,21.3,-1.913,-9.309,"0.91","0.9","0.0033","20","11","43","6.7426","N/A","N/A"
"EC_073_INC-W4","Sediment",110.5,7.5,21.2,-3.681,-17.877,"0.855","0.831","0.0103","14","8","46","7.9365","N/A","N/A"
"EC_073_INC-W5","Sediment",110.6,7.4,21.4,-2.367,-11.485,"0.931","0.923","0.0038","18","10","44","7.6153","N/A","N/A"
"EC_074_INC-D1","Sediment",123.3,6.66,21,0,0,"0.515","0.503","0.0011","86","44","1","10.4722","N/A","N/A"
"EC_074_INC-D2","Sediment",119.7,6.78,20.9,-4.074,-12.246,"0.977","0.975","0.003","26","14","31","9.6448","N/A","Remove Outlier"
"EC_074_INC-D3","Sediment",115.9,6.78,21.2,-4.608,-13.871,"0.955","0.951","0.0046","28","15","30","9.2409","N/A","Remove Outlier"
"EC_074_INC-D4","Sediment",119,6.77,20.9,-0.515,-1.546,"0.903","0.901","4e-04","84","43","2","10.5508","INC_002","N/A"
"EC_074_INC-D5","Sediment",146.7,7.16,21.2,-0.348,-1.043,"0.813","0.809","4e-04","84","43","2","8.9702","N/A","N/A"
"EC_074_INC-W1","Sediment",104.1,7.09,20.3,-0.588,-1.759,"0.898","0.896","5e-04","84","43","2","9.7273","N/A","N/A"
"EC_074_INC-W2","Sediment",108.3,7.02,20.9,-0.609,-1.828,"0.961","0.96","3e-04","84","43","2","10.0477","N/A","N/A"
"EC_074_INC-W3","Sediment",102.6,6.94,20.7,-0.551,-1.653,"0.972","0.971","2e-04","86","44","1","9.9052","N/A","N/A"
"EC_074_INC-W4","Sediment",100.9,6.88,20.8,-0.637,-1.908,"0.933","0.932","4e-04","84","43","2","9.6655","N/A","N/A"
"EC_074_INC-W5","Sediment",106.3,6.84,20.9,-0.516,-1.548,"0.933","0.931","4e-04","84","43","2","9.8422","N/A","N/A"
"EC_075_INC-D1","Sediment",212.2,7.68,21.8,-1.25,-4.343,"0.936","0.933","0.001","62","32","23","9.0706","N/A","N/A"
"EC_075_INC-D2","Sediment",205.2,7.2,21.9,-2.22,-7.719,"0.956","0.951","0.0028","18","10","45","10.0825","N/A","N/A"
"EC_075_INC-D3","Sediment",204.3,7.27,21.9,-15.2,-52.607,"0.842","0.764","0.0775","6","4","51","11.5362","N/A","Remove Outlier"
"EC_075_INC-D4","Sediment",203.5,7.26,21.9,-3.07,-10.675,"0.646","0.596","0.0143","16","9","46","9.769","N/A","N/A"
"EC_075_INC-D5","Sediment",202.3,7.24,21.9,-1.305,-4.51,"0.915","0.911","0.0014","50","26","29","10.3325","N/A","N/A"
"EC_075_INC-W1","Sediment",205.3,7.05,21.8,-234.909,-813.723,"1","-9999","-9999","2","2","53","-9999","RATE_005","N/A"
"EC_075_INC-W2","Sediment",213.2,6.84,21.8,-197.057,-684.133,"1","-9999","-9999","2","2","53","-9999","RATE_005","N/A"
"EC_075_INC-W3","Sediment",228.7,6.89,21.8,-172.808,-599.538,"1","-9999","-9999","2","2","53","-9999","RATE_005","N/A"
"EC_075_INC-W4","Sediment",211.6,6.93,21.6,-232.201,-807.952,"1","-9999","-9999","2","2","53","-9999","RATE_005","N/A"
"EC_075_INC-W5","Sediment",221.4,6.84,21.6,-140.222,-484.222,"1","-9999","-9999","2","2","53","-9999","RATE_005","N/A"
"EC_076_INC-D1","Sediment",737.6,7.19,20.1,-2.316,-7.509,"0.428","0.333","0.0182","14","8","46","10.0315","N/A","N/A"
"EC_076_INC-D2","Sediment",719.4,7.28,21.1,-0.576,-1.887,"0.967","0.966","3e-04","102","52","2","9.2309","N/A","N/A"
"EC_076_INC-D3","Sediment",735.7,7.57,20.9,-6.404,-21.021,"0.817","0.726","0.0357","6","4","50","9.9816","N/A","Remove Outlier"
"EC_076_INC-D4","Sediment",702.7,7.64,20.8,-9.37,-30.535,"0.709","0.564","0.0707","6","4","50","10.8029","N/A","Remove Outlier"
"EC_076_INC-D5","Sediment",711.6,7.72,21.1,-0.777,-2.541,"0.954","0.953","4e-04","102","52","2","10.4517","N/A","N/A"
"EC_076_INC-W1","Sediment",712.1,7.29,21.2,-141.068,-466.829,"1","-9999","-9999","2","2","52","-9999","RATE_005","N/A"
"EC_076_INC-W2","Sediment",712.8,7.39,21.3,-143.999,-466.892,"1","-9999","-9999","2","2","52","-9999","RATE_005","N/A"
"EC_076_INC-W3","Sediment",715.3,7.46,21.2,-135.456,-441.428,"1","-9999","-9999","2","2","52","-9999","RATE_005","N/A"
"EC_076_INC-W4","Sediment",707.3,7.47,20.2,-110.8,-362.924,"1","-9999","-9999","2","2","52","-9999","RATE_005","N/A"
"EC_076_INC-W5","Sediment",696.3,7.52,21.3,-106.543,-346.914,"1","-9999","-9999","2","2","52","-9999","RATE_005","N/A"
"EC_078_INC-D1","Sediment",574.9,6.62,21.2,-125.016,-546.671,"1","-9999","-9999","2","2","52","-9999","RATE_005","Remove Outlier"
"EC_078_INC-D2","Sediment",603.4,7,21.5,-112.081,-483.898,"1","-9999","-9999","2","2","52","-9999","RATE_005","Remove Outlier"
"EC_078_INC-D3","Sediment",788.1,6.86,21.2,-0.818,-3.542,"0.246","0.171","0.0075","22","12","42","9.835","N/A","N/A"
"EC_078_INC-D4","Sediment",787.7,6.85,20.9,-2.175,-9.341,"0.906","0.897","0.0035","24","13","41","10.2804","N/A","N/A"
"EC_078_INC-D5","Sediment",714.7,6.73,20.8,-2.341,-10.209,"0.982","0.981","8e-04","102","52","2","8.8812","N/A","N/A"
"EC_078_INC-W1","Sediment",482.5,6.76,21.1,-252.972,-1108.258,"1","-9999","-9999","2","2","52","-9999","RATE_005","N/A"
"EC_078_INC-W2","Sediment",492.2,6.68,21,-252.034,-1092.147,"1","-9999","-9999","2","2","52","-9999","RATE_005","N/A"
"EC_078_INC-W3","Sediment",500.05,6.66,21.2,-245.413,-1057.801,"1","-9999","-9999","2","2","52","-9999","RATE_005","N/A"
"EC_078_INC-W4","Sediment",516.4,6.64,21.2,-201.781,-874.384,"1","-9999","-9999","2","2","52","-9999","RATE_005","N/A"
"EC_078_INC-W5","Sediment",529.5,6.65,21.1,-215.714,-934.761,"1","-9999","-9999","2","2","52","-9999","RATE_005","N/A"
"EC_080_INC-D1","Sediment",237.5,6.56,21,-242.811,-3084.829,"1","-9999","-9999","2","2","53","-9999","RATE_005","N/A"
"EC_080_INC-D2","Sediment",236.1,6.27,20.8,-279.998,-3574.554,"1","-9999","-9999","2","2","53","-9999","RATE_005","N/A"
"EC_080_INC-D3","Sediment",248.7,6.68,21,-275.556,-3492.72,"1","-9999","-9999","2","2","53","-9999","RATE_005","N/A"
"EC_080_INC-D4","Sediment",245.7,6.46,20.8,-279.074,-3545.538,"1","-9999","-9999","2","2","53","-9999","RATE_005","N/A"
"EC_080_INC-D5","Sediment",226.7,6.47,21,-274.648,-3481.211,"1","-9999","-9999","2","2","53","-9999","RATE_005","N/A"
"EC_080_INC-W1","Sediment",256.5,6.83,20.5,-290.188,-3704.643,"1","-9999","-9999","2","2","53","-9999","RATE_005","N/A"
"EC_080_INC-W2","Sediment",235.2,6.64,20.7,-261.133,-3325.946,"1","-9999","-9999","2","2","53","-9999","RATE_005","N/A"
"EC_080_INC-W3","Sediment",241.7,6.63,20.7,-276.502,-3529.923,"1","-9999","-9999","2","2","53","-9999","RATE_005","N/A"
"EC_080_INC-W4","Sediment",265.6,6.45,21.4,-273.925,-3488.872,"1","-9999","-9999","2","2","53","-9999","RATE_005","N/A"
"EC_080_INC-W5","Sediment",257.2,6.55,20.5,-279.381,-3558.363,"1","-9999","-9999","2","2","53","-9999","RATE_005","N/A"
"EC_081_INC-D1","Sediment",70.67,6.35,19.7,-0.981,-3.335,"0.506","0.451","0.0054","20","11","43","9.782","N/A","Remove Outlier"
"EC_081_INC-D2","Sediment",80.1,6.32,19.8,-0.164,-0.552,"0.492","0.483","4e-04","104","53","1","10.6128","N/A","N/A"
"EC_081_INC-D3","Sediment",75.08,6.43,19.7,-0.519,-1.782,"0.954","0.953","3e-04","102","52","2","8.6795","N/A","N/A"
"EC_081_INC-D4","Sediment",80.7,6.45,19.6,-0.206,-0.708,"0.517","0.508","5e-04","104","53","1","10.624","N/A","N/A"
"EC_081_INC-D5","Sediment",71.83,6.5,19.7,-9.342,-31.925,"0.83","0.745","0.0498","6","4","50","8.182","N/A","Remove Outlier"
"EC_081_INC-W1","Sediment",82.17,6.61,19.6,-183.637,-632.225,"1","-9999","-9999","2","2","52","-9999","RATE_005","N/A"
"EC_081_INC-W2","Sediment",86.29,6.55,19.8,-188.625,-667.793,"1","-9999","-9999","2","2","52","-9999","RATE_005","N/A"
"EC_081_INC-W3","Sediment",83.54,6.58,19.8,-197.578,-692.649,"1","-9999","-9999","2","2","52","-9999","RATE_005","N/A"
"EC_081_INC-W4","Sediment",79.16,6.51,19.5,-158.552,-535.683,"1","-9999","-9999","2","2","52","-9999","RATE_005","N/A"
"EC_081_INC-W5","Sediment",80.65,6.53,19.8,-168.114,-568.923,"1","-9999","-9999","2","2","52","-9999","RATE_005","N/A"
"EC_082_INC-D1","Sediment",114.4,6.76,19.6,-0.82,-2.712,"0.968","0.967","4e-04","102","52","2","10.1395","N/A","N/A"
"EC_082_INC-D2","Sediment",116.1,6.6,19.8,-0.86,-2.901,"0.979","0.979","3e-04","102","52","2","10.4679","N/A","N/A"
"EC_082_INC-D3","Sediment",115.1,6.62,19.8,-1.528,-5.214,"0.88","0.87","0.0027","26","14","40","10.4337","N/A","N/A"
"EC_082_INC-D4","Sediment",118.2,6.83,19.8,-0.728,-2.371,"0.921","0.919","5e-04","102","52","2","9.5557","N/A","N/A"
"EC_082_INC-D5","Sediment",121.2,6.69,19.5,-0.745,-2.54,"0.921","0.919","5e-04","102","52","2","9.465","N/A","N/A"
"EC_082_INC-W1","Sediment",128.6,7.34,19.6,-215.999,-735.818,"1","-9999","-9999","2","2","52","-9999","RATE_005","N/A"
"EC_082_INC-W2","Sediment",123.1,6.83,19.8,-173.605,-595.922,"1","-9999","-9999","2","2","52","-9999","RATE_005","N/A"
"EC_082_INC-W3","Sediment",124.8,6.67,19.7,-181.327,-609.593,"1","-9999","-9999","2","2","52","-9999","RATE_005","N/A"
"EC_082_INC-W4","Sediment",127.1,6.57,19.6,-152.657,-508.021,"1","-9999","-9999","2","2","52","-9999","RATE_005","N/A"
"EC_082_INC-W5","Sediment",133.3,6.53,19.7,-197.419,-676.586,"1","-9999","-9999","2","2","52","-9999","RATE_005","N/A"
"EC_084_INC-D1","Sediment",178.5,6.75,21.5,-31.983,-115.893,"0.937","0.874","0.1381","4","3","51","6.5951","N/A","Remove Outlier"
"EC_084_INC-D2","Sediment",171.1,6.7,21.2,-7.256,-26.172,"0.941","0.934","0.0107","18","10","44","6.9844","N/A","N/A"
"EC_084_INC-D3","Sediment",171.6,6.79,21,-116.876,-422.153,"1","-9999","-9999","2","2","52","-9999","RATE_005","Remove Outlier"
"EC_084_INC-D4","Sediment",165.1,6.72,21.3,-1.153,-4.168,"0.98","0.98","4e-04","104","53","1","8.1148","N/A","N/A"
"EC_084_INC-D5","Sediment",167.1,6.79,21.1,-6.579,-23.84,"0.964","0.96","0.0071","20","11","43","6.3786","N/A","N/A"
"EC_084_INC-W1","Sediment",229.8,7.2,20.8,-160.484,-582.052,"1","-9999","-9999","2","2","52","-9999","RATE_005","N/A"
"EC_084_INC-W2","Sediment",197.3,6.97,21.2,-159.882,-578.417,"1","-9999","-9999","2","2","52","-9999","RATE_005","N/A"
"EC_084_INC-W3","Sediment",192.4,6.89,21.3,-183.289,-664.763,"1","-9999","-9999","2","2","52","-9999","RATE_005","N/A"
"EC_084_INC-W4","Sediment",198.5,6.88,21.3,-172.674,-627.15,"1","-9999","-9999","2","2","52","-9999","RATE_005","N/A"
"EC_084_INC-W5","Sediment",189.2,6.74,21.5,-138.873,-493.524,"1","-9999","-9999","2","2","52","-9999","RATE_005","N/A"
"EC_085_INC-D1","Sediment",146.3,6.76,21.2,-0.945,-3.242,"0.078","0.229","0.0312","8","5","49","10.8905","N/A","N/A"
"EC_085_INC-D2","Sediment",140,6.78,21.4,-0.584,-1.999,"0.815","0.811","7e-04","102","52","2","9.3984","N/A","N/A"
"EC_085_INC-D3","Sediment",141.6,6.69,21.4,-0.471,-1.613,"0.845","0.842","5e-04","102","52","2","9.5947","N/A","N/A"
"EC_085_INC-D4","Sediment",146.5,6.73,21.2,-0.498,-1.701,"0.927","0.925","3e-04","104","53","1","9.3553","N/A","N/A"
"EC_085_INC-D5","Sediment",146.1,6.68,21,-0.556,-1.896,"0.968","0.967","2e-04","102","52","2","9.8297","N/A","N/A"
"EC_085_INC-W1","Sediment",152.4,7.09,21,-190.61,-650.879,"1","-9999","-9999","2","2","52","-9999","RATE_005","N/A"
"EC_085_INC-W2","Sediment",147.3,6.99,21.1,-165.006,-567.305,"1","-9999","-9999","2","2","52","-9999","RATE_005","N/A"
"EC_085_INC-W3","Sediment",152.1,6.9,21.3,-192.034,-654.3,"1","-9999","-9999","2","2","52","-9999","RATE_005","N/A"
"EC_085_INC-W4","Sediment",157.9,6.94,20.8,-172.448,-590.672,"1","-9999","-9999","2","2","52","-9999","RATE_005","N/A"
"EC_085_INC-W5","Sediment",153.1,7.05,20.9,-144.757,-494.732,"1","-9999","-9999","2","2","52","-9999","RATE_005","N/A"
"EC_088_INC-D1","Sediment",93.3,6.29,20.4,-1.318,-4.958,"0.975","0.974","5e-04","106","54","2","11.9424","N/A","Remove Outlier"
"EC_088_INC-D2","Sediment",79.42,5.75,20.8,-5.321,-20.017,"0.751","0.726","0.0161","22","12","44","8.8063","N/A","N/A"
"EC_088_INC-D3","Sediment",83.53,5.79,20.6,-172.921,-649.428,"1","-9999","-9999","2","2","54","-9999","RATE_005","Remove Outlier"
"EC_088_INC-D4","Sediment",82.05,5.7,20.7,-5.339,-20.066,"0.823","0.798","0.0156","16","9","47","9.0272","N/A","N/A"
"EC_088_INC-D5","Sediment",79.31,5.67,20.8,-1.836,-6.907,"0.929","0.925","0.002","36","19","37","8.7655","N/A","N/A"
"EC_088_INC-W1","Sediment",117.1,7.18,20.1,-211.87,-800.243,"1","-9999","-9999","2","2","54","-9999","RATE_005","N/A"
"EC_088_INC-W2","Sediment",101.8,6.01,20.4,-230.532,-865.794,"1","-9999","-9999","2","2","54","-9999","RATE_005","N/A"
"EC_088_INC-W3","Sediment",105.3,6.02,20.7,-246.161,-927.548,"1","-9999","-9999","2","2","54","-9999","RATE_005","N/A"
"EC_088_INC-W4","Sediment",100.2,5.83,20.6,-243.005,-909.639,"1","-9999","-9999","2","2","54","-9999","RATE_005","N/A"
"EC_088_INC-W5","Sediment",101.6,5.75,20.6,-218.399,-822.18,"1","-9999","-9999","2","2","54","-9999","RATE_005","N/A"
"EC_089_INC-D1","Sediment",84.3,5.76,19.7,-0.571,-1.868,"0.881","0.879","5e-04","102","52","2","9.4724","N/A","N/A"
"EC_089_INC-D2","Sediment",83.02,5.99,19.6,-0.674,-2.172,"0.939","0.938","4e-04","104","53","1","9.7051","N/A","N/A"
"EC_089_INC-D3","Sediment",83.66,6.07,19.6,-0.695,-2.242,"0.947","0.946","4e-04","102","52","2","8.8324","N/A","N/A"
"EC_089_INC-D4","Sediment",84.01,5.81,19.5,-0.427,-1.386,"0.873","0.87","4e-04","104","53","1","9.1328","N/A","N/A"
"EC_089_INC-D5","Sediment",86.51,5.86,19.6,-1.986,-6.527,"0.808","0.789","0.0051","22","12","42","8.5975","N/A","Remove Outlier"
"EC_089_INC-W1","Sediment",99.34,6.21,19.4,-2.152,-7.095,"0.941","0.937","0.0023","32","17","37","7.1036","N/A","N/A"
"EC_089_INC-W2","Sediment",97.7,5.84,19.5,-3.23,-10.66,"0.824","0.795","0.0101","14","8","46","6.704","N/A","N/A"
"EC_089_INC-W3","Sediment",99.05,5.92,19.6,-1.548,-5.146,"0.962","0.96","0.0012","42","22","32","6.86","N/A","N/A"
"EC_089_INC-W4","Sediment",98.69,5.87,19.6,-1.963,-6.442,"0.952","0.949","0.002","30","16","38","6.9116","N/A","N/A"
"EC_089_INC-W5","Sediment",99.14,5.77,19.3,-2.352,-7.69,"0.933","0.928","0.0028","30","16","38","6.5084","N/A","N/A"
"EC_090_INC-D1","Sediment",36.79,5.24,20.5,-0.303,-0.901,"0.759","0.754","4e-04","104","53","2","9.4537","N/A","N/A"
"EC_090_INC-D2","Sediment",36.56,5.33,20.5,-0.238,-0.7,"0.65","0.643","4e-04","104","53","2","8.7696","N/A","N/A"
"EC_090_INC-D3","Sediment",35.73,5.39,20.4,-0.298,-0.867,"0.656","0.649","5e-04","106","54","1","9.0563","N/A","N/A"
"EC_090_INC-D4","Sediment",36.29,5.43,20.5,-0.236,-0.692,"0.729","0.724","3e-04","104","53","2","9.3836","N/A","N/A"
"EC_090_INC-D5","Sediment",34.97,5.35,20.8,-0.178,-0.526,"0.901","0.899","1e-04","106","54","1","9.0705","N/A","N/A"
"EC_090_INC-W1","Sediment",29,6.96,20.5,-145.776,-434.578,"1","-9999","-9999","2","2","53","-9999","RATE_005","N/A"
"EC_090_INC-W2","Sediment",28.94,6.09,20.7,-125.139,-379.332,"1","-9999","-9999","2","2","53","-9999","RATE_005","N/A"
"EC_090_INC-W3","Sediment",26.77,5.77,20.5,-116.934,-347.077,"1","-9999","-9999","2","2","53","-9999","RATE_005","N/A"
"EC_090_INC-W4","Sediment",29.03,5.55,20.7,-163.662,-480.197,"1","-9999","-9999","2","2","53","-9999","RATE_005","N/A"
"EC_090_INC-W5","Sediment",29.74,5.45,20.4,-141.168,-419.335,"1","-9999","-9999","2","2","53","-9999","RATE_005","N/A"
"EC_091_INC-D1","Sediment",168.8,7.01,19.8,-6.738,-22.456,"0.7","0.6","0.0424","8","5","50","9.5308","N/A","Remove Outlier"
"EC_091_INC-D2","Sediment",160.8,6.01,20,-5.134,-17.071,"0.854","0.833","0.0134","16","9","46","6.7813","N/A","Remove Outlier"
"EC_091_INC-D3","Sediment",165.8,6.27,20.3,-0.472,-1.582,"0.857","0.854","4e-04","104","53","2","8.4886","N/A","N/A"
"EC_091_INC-D4","Sediment",154,6.13,20,-4.398,-14.377,"0.839","0.821","0.0107","20","11","44","6.3386","N/A","N/A"
"EC_091_INC-D5","Sediment",161,6.4,20.1,-0.509,-1.723,"0.856","0.849","8e-04","104","22","2","8.4482","INC_002","N/A"
"EC_091_INC-W1","Sediment",153.8,6.43,20,-175.113,-582.207,"1","-9999","-9999","2","2","53","-9999","RATE_005","N/A"
"EC_091_INC-W2","Sediment",141.9,7.12,20.1,-121.422,-398.672,"1","-9999","-9999","2","2","53","-9999","RATE_005","N/A"
"EC_091_INC-W3","Sediment",163.3,6.98,19.7,-119.381,-404.789,"1","-9999","-9999","2","2","53","-9999","RATE_005","N/A"
"EC_091_INC-W4","Sediment",159.2,6.66,20.1,-104.406,-345.078,"1","-9999","-9999","2","2","53","-9999","RATE_005","N/A"
"EC_091_INC-W5","Sediment",151.3,6.83,20.1,-144.32,-486.805,"1","-9999","-9999","2","2","53","-9999","RATE_005","N/A"
"EC_092_INC-D1","Sediment",144,6.53,20,-0.438,-1.324,"0.848","0.845","4e-04","104","53","2","8.7232","N/A","N/A"
"EC_092_INC-D2","Sediment",140.3,6.96,20,-0.736,-2.17,"0.843","0.84","7e-04","106","54","1","12.0028","N/A","N/A"
"EC_092_INC-D3","Sediment",145.3,6.64,20.1,-0.141,-0.416,"0.43","0.419","4e-04","106","54","1","8.3274","N/A","N/A"
"EC_092_INC-D4","Sediment",142.3,7.04,20,-0.392,-1.169,"0.816","0.812","4e-04","104","53","2","8.7895","N/A","N/A"
"EC_092_INC-D5","Sediment",142.2,6.99,20.1,-0.497,-1.492,"0.961","0.961","2e-04","104","53","2","9.7298","N/A","N/A"
"EC_092_INC-W1","Sediment",169,6.33,19.8,-7.073,-20.927,"0.782","0.673","0.044","6","4","51","6.6702","N/A","Remove Outlier"
"EC_092_INC-W2","Sediment",168.2,6.11,20,-9.545,-28.932,"0.783","0.674","0.0592","6","4","51","6.2583","N/A","Remove Outlier"
"EC_092_INC-W3","Sediment",170.3,6.16,20.4,-1.976,-6.038,"0.852","0.843","0.0034","34","18","37","5.8263","N/A","N/A"
"EC_092_INC-W4","Sediment",166.3,6.18,20,-2.346,-7.037,"0.964","0.962","0.0018","36","19","36","5.7294","N/A","N/A"
"EC_092_INC-W5","Sediment",168.2,6.35,20.1,-2.019,-6.116,"0.95","0.947","0.0018","38","20","35","5.9051","N/A","N/A"
"EC_093_INC-D1","Sediment",56.27,6.38,20.7,0,0,"0.106","0.088","8e-04","104","53","1","11.9465","N/A","N/A"
"EC_093_INC-D2","Sediment",57.2,6.64,20.8,0,0,"0.66","0.653","7e-04","102","52","2","10.2189","N/A","N/A"
"EC_093_INC-D3","Sediment",56.58,6.6,20.6,-0.468,-1.432,"0.719","0.714","7e-04","102","52","2","10.048","N/A","Remove Outlier"
"EC_093_INC-D4","Sediment",55.18,6.75,20.3,0,0,"0.445","0.434","5e-04","102","52","2","9.8648","N/A","N/A"
"EC_093_INC-D5","Sediment",53.71,6.52,20.5,0,0,"0.009","0.01","6e-04","104","53","1","10.616","N/A","N/A"
"EC_093_INC-W1","Sediment",74.15,7.34,20.2,-0.554,-1.695,"0.884","0.881","5e-04","104","53","1","10.3509","N/A","N/A"
"EC_093_INC-W2","Sediment",69.1,6.67,20.3,-0.473,-1.467,"0.878","0.876","4e-04","104","53","1","8.7167","N/A","N/A"
"EC_093_INC-W3","Sediment",70.03,6.52,20.2,-0.545,-1.691,"0.804","0.8","6e-04","102","52","2","9.3669","N/A","N/A"
"EC_093_INC-W4","Sediment",71.93,6.3,20.5,-0.52,-1.617,"0.816","0.812","6e-04","102","52","2","9.4931","N/A","N/A"
"EC_093_INC-W5","Sediment",68.51,6.31,20.3,-0.454,-1.397,"0.811","0.808","5e-04","102","52","2","9.9277","N/A","N/A"
"EC_094_INC-D1","Sediment",243.3,6.45,20.1,-0.919,-2.984,"0.953","0.952","5e-04","100","51","3","9.5864","N/A","N/A"
"EC_094_INC-D2","Sediment",235.1,6.6,20.8,-0.928,-3.016,"0.98","0.98","3e-04","102","52","2","9.7617","N/A","N/A"
"EC_094_INC-D3","Sediment",240.3,6.6,20.4,-0.756,-2.437,"0.972","0.971","3e-04","102","52","2","10.6567","N/A","N/A"
"EC_094_INC-D4","Sediment",238.1,6.53,20.3,-3.787,-12.418,"0.956","0.952","0.0039","26","14","40","7.4694","N/A","Remove Outlier"
"EC_094_INC-D5","Sediment",233.2,6.91,20.4,-0.802,-2.616,"0.983","0.983","2e-04","104","53","1","10.231","N/A","N/A"
"EC_094_INC-W1","Sediment",238.8,7,20.2,-124.638,-408.758,"1","-9999","-9999","2","2","52","-9999","RATE_005","N/A"
"EC_094_INC-W2","Sediment",244.9,6.47,20.2,-154.795,-498.066,"1","-9999","-9999","2","2","52","-9999","RATE_005","N/A"
"EC_094_INC-W3","Sediment",239.9,6.45,20.4,-109.705,-361.991,"1","-9999","-9999","2","2","52","-9999","RATE_005","N/A"
"EC_094_INC-W4","Sediment",244.2,6.33,20.1,-131.252,-423.25,"1","-9999","-9999","2","2","52","-9999","RATE_005","N/A"
"EC_094_INC-W5","Sediment",243.9,6.33,20.4,-122.395,-395.66,"1","-9999","-9999","2","2","52","-9999","RATE_005","N/A"
"EC_095_INC-D1","Sediment",369.9,5.42,19.5,-3.316,-14.018,"0.887","0.877","0.0059","24","13","42","9.8803","N/A","N/A"
"EC_095_INC-D2","Sediment",366.5,5.17,19.4,-1.59,-6.659,"0.973","0.973","6e-04","104","53","2","10.9696","N/A","N/A"
"EC_095_INC-D3","Sediment",365.6,5.3,19.3,-2.287,-9.623,"0.867","0.857","0.0041","28","15","40","10.4998","N/A","N/A"
"EC_095_INC-D4","Sediment",377,5.21,19.5,-2.539,-10.676,"0.946","0.942","0.0025","34","18","37","8.6825","N/A","N/A"
"EC_095_INC-D5","Sediment",382.5,5.2,19.5,-4.835,-20.529,"0.738","0.694","0.0196","14","8","47","11.1098","N/A","N/A"
"EC_095_INC-W1","Sediment",347.3,5.55,19.5,-288.114,-1225.528,"1","-9999","-9999","2","2","53","-9999","RATE_005","N/A"
"EC_095_INC-W2","Sediment",343.1,5.69,19.4,-277.778,-1172.022,"1","-9999","-9999","2","2","53","-9999","RATE_005","N/A"
"EC_095_INC-W3","Sediment",347.3,5.66,19.7,-286.5,-1197.251,"1","-9999","-9999","2","2","53","-9999","RATE_005","N/A"
"EC_095_INC-W4","Sediment",319,5.73,19.5,-271.208,-1136.636,"1","-9999","-9999","2","2","53","-9999","RATE_005","N/A"
"EC_095_INC-W5","Sediment",330.9,5.8,19.4,-282.83,-1178.232,"1","-9999","-9999","2","2","53","-9999","RATE_005","N/A"
